target,pipeline,r2,rmse,spearman_r
ARAT,Adv,-1.0574554226252895,33.0520964049559,0.4361275635463512
FMA,Adv,-1.4078272062693387,33.16109464729527,0.35597734837189493
