target,pipeline,r2,rmse,spearman_r
ARAT,Adv,0.4916597147774304,16.428997280673066,0.7219077504758968
FMA,Adv,0.41032126336995733,16.41058010494247,0.6917926618986248
