target,pipeline,r2,rmse,spearman_r
ARAT,Alt,0.44728233544734186,17.131108507964047,0.727575626363435
FMA,Alt,0.3534185465265737,17.184140746227335,0.6730953539145983
