target,pipeline,r2,rmse,spearman_r
ARAT,Standard,0.555733827078867,15.358733932095067,0.7419690887778396
FMA,Standard,0.39989840593142056,16.554977305337058,0.6878856924675414
