target,pipeline,r2,rmse,spearman_r
ARAT,Standard,0.4816756082351715,16.589550429187245,0.7234160868459685
FMA,Standard,0.33171360614167866,17.47018520589279,0.6797415327132386
